label,tcr,peptide
1,CASSFQNTGELFF,YLQPRTFLL
1,CASSSVNNNEQFF,YLQPRTFLL
1,CAVGEANTGELFF,YLQPRTFLL
1,CAYQEVNTGELFF,YLQPRTFLL
1,CSARDDQAVNTGELFF,YLQPRTFLL
1,CSAGQRNTGELFF,YLQPRTFLL
1,CASSLEIEAFF,YLQPRTFLL
1,CAGDYLNTGELFF,YLQPRTFLL
1,CASSPDIACTF,YLQPRTFLL
1,CASSVDNTGELFF,YLQPRTFLL
1,CASSPDIEAFF,YLQPRTFLL
1,CAGQDLNTGELFF,YLQPRTFLL
1,CASSPDIVAFF,YLQPRTFLL
1,CAAQNLNTGELFF,YLQPRTFLL
1,CASSLDIEAFF,YLQPRTFLL
1,CSAGDRNTGELFF,YLQPRTFLL
1,CSARGGQGQNTGELFF,YLQPRTFLL
1,CASSPDIEQYF,YLQPRTFLL
1,CASTDLNTGELFF,YLQPRTFLL
1,CASSELNTGELFF,YLQPRTFLL
1,CATQDVNTGELFF,YLQPRTFLL
1,CASSDLSTGELFF,YLQPRTFLL
1,CASSDLNSGEQYF,YLQPRTFLL
1,CASRGEQGYQETQYF,RLQSLQTYV
1,CASTWGRASTDTQYF,RLQSLQTYV
1,CASSQDLQGTNEKLFF,RLQSLQTYV
1,CANQDSNTGELFF,YLQPRTFLL
1,CASGDLSSGEQYF,YLQPRTFLL
1,CASSDQNGNIQYF,YLQPRTFLL
1,CASSSDIEAFF,YLQPRTFLL
1,CASTELNGGTQYF,YLQPRTFLL
1,CASGTANTGELFF,YLQPRTFLL
1,CATSGAETHNTGELFF,YLQPRTFLL
1,CATLVDLNTGELFF,YLQPRTFLL
1,CAYLEANSYEQYF,YLQPRTFLL
1,CASQDLNTGELFF,YLQPRTFLL
1,CASQEANTGELFF,YLQPRTFLL
1,CSARDGPGVNTGELFF,YLQPRTFLL
1,CATEDLNTGELFF,YLQPRTFLL
1,CASSTDIEAFF,YLQPRTFLL
1,CATSEENTGELFF,YLQPRTFLL
1,CALGEPNTGELFF,YLQPRTFLL
1,CASSSLNTGELFF,YLQPRTFLL
1,CASSELGGGNTGELFF,YLQPRTFLL
1,CSARDWEQMNTGELFF,YLQPRTFLL
1,CASSPVGGGNTGELFF,YLQPRTFLL
1,CASTPLNTGELFF,YLQPRTFLL
1,CSARDQPGQNTGELFF,YLQPRTFLL
1,CASSQTESTDTQYF,YLQPRTFLL
1,CALFRDRNTGELFF,YLQPRTFLL
1,CASSNSLGGYTF,YLQPRTFLL
1,CASSPDIQAFF,YLQPRTFLL
1,CASSWDIEAFF,YLQPRTFLL
1,CASSQDIEQYF,YLQPRTFLL
1,CANQDANTGELFF,YLQPRTFLL
1,CASTGLNTGELFF,YLQPRTFLL
1,CASSLTGGGNTGELFF,YLQPRTFLL
1,CSARVGERAVNTGELFF,YLQPRTFLL
1,CASSQDIEAFF,YLQPRTFLL
1,CASSEIGGGNTGELFF,YLQPRTFLL
1,CASNHANTGELFF,YLQPRTFLL
1,CASSADVEAFF,YLQPRTFLL
1,CASTSLNTGELFF,YLQPRTFLL
1,CSARDSRAQNTGELFF,YLQPRTFLL
1,CASSPLAGGNTGELFF,YLQPRTFLL
1,CASSGTNQNIQYF,YLQPRTFLL
1,CASSQLAGGNTGELFF,YLQPRTFLL
1,CASTQDIEAFF,YLQPRTFLL
1,CASQDRNTGELFF,YLQPRTFLL
1,CAWSVVTDEHNEQFF,YLQPRTFLL
1,CASTDLDTGELFF,YLQPRTFLL
1,CAWSVLAGGNTGELFF,YLQPRTFLL
1,CASSPDIEDFF,YLQPRTFLL
1,CASSLGGAGGADTQYF,RLQSLQTYV
1,CASSYEKGIMNTEAFF,RLQSLQTYV
1,CATYIGNTGELFF,RLQSLQTYV
1,CASSVPGDNEQYF,RLQSLQTYV
1,CAWSVGAGMKYGYTF,RLQSLQTYV
1,CSVEGDSYEQYF,RLQSLQTYV
1,CASSQDWRAGAYNEQFF,RLQSLQTYV
1,CASSELLAGGLETQYF,RLQSLQTYV
1,CAASEMNTGELFF,YLQPRTFLL
1,CAKGTANTGELFF,YLQPRTFLL
1,CANQDRTSGELFF,YLQPRTFLL
1,CARERDRNTGELFF,YLQPRTFLL
1,CASEDRNTGELFF,YLQPRTFLL
1,CASGDDNTGELFF,YLQPRTFLL
1,CASGGTNTGELFF,YLQPRTFLL
1,CASGPDLGYTF,YLQPRTFLL
1,CASGTLNSLVAFF,YLQPRTFLL
1,CASIGLNTGELFF,YLQPRTFLL
1,CASIPDRNTGELFF,YLQPRTFLL
1,CASNNQNTGELFF,YLQPRTFLL
1,CASREGNTGELFF,YLQPRTFLL
1,CASRGGAELNTGELFF,YLQPRTFLL
1,CASRPTGLAENTGELFF,YLQPRTFLL
1,CASRRGFEQYF,YLQPRTFLL
1,CASSADIQQYF,YLQPRTFLL
1,CASSASYYEQYF,YLQPRTFLL
1,CASSDGNTGELFF,YLQPRTFLL
1,CASSDLDGGEAFF,YLQPRTFLL
1,CASSDLNTGELFF,YLQPRTFLL
1,CASSDTNTGELFF,YLQPRTFLL
1,CASSERNSLEAFF,YLQPRTFLL
1,CASSESNTGELFF,YLQPRTFLL
1,CASSGLNTGELFF,YLQPRTFLL
1,CASSLDIETYF,YLQPRTFLL
1,CASSPLNGGNTGELFF,YLQPRTFLL
1,CASSQRNDLKAFF,YLQPRTFLL
1,CASSSDIQQFF,YLQPRTFLL
1,CASSTLNSLEAFF,YLQPRTFLL
1,CATTDLNTGELFF,YLQPRTFLL
1,CATTGNWNTGELFF,YLQPRTFLL
1,CAVLAEQNTGELFF,YLQPRTFLL
1,CSARDHKAMNTGELFF,YLQPRTFLL
1,CSARDLGRGWNTGELFF,YLQPRTFLL
1,CSARDQWAANTGELFF,YLQPRTFLL
1,CSARDRLAQNTGELFF,YLQPRTFLL
1,CSARDSVAVNTGELFF,YLQPRTFLL
1,CSARSRQGQNTGELFF,YLQPRTFLL
1,CSGWQPQHF,YLQPRTFLL
1,CSVGTLNTGELFF,YLQPRTFLL
1,CATTERDQETQYF,RLQSLQTYV
1,CASSLGTGHQPQHF,RLQSLQTYV
1,CASTEGTGWTEAFF,RLQSLQTYV
1,CASSLGTGYQPQHF,RLQSLQTYV
1,CASSPPTSGTANEQFF,RLQSLQTYV
1,CSASPPGTSVNNEQFF,RLQSLQTYV
1,CSALTPALAGGVPETQYF,RLQSLQTYV
1,CATSGGTGHQPQHF,RLQSLQTYV
1,CASSQDEYNTGELFF,RLQSLQTYV
1,CAWSAGQGMNTEAFF,RLQSLQTYV
1,CAWSGGQIMNTEAFF,RLQSLQTYV
1,CASSILAGAADTQYF,RLQSLQTYV
1,CASSPGTGWAEAFF,RLQSLQTYV
1,CALGDLNTGELFF,YLQPRTFLL
1,CASSPLGGGNTGELFF,YLQPRTFLL
1,CATQGLNTGELFF,YLQPRTFLL
1,CSARDDRAQNTGELFF,YLQPRTFLL
1,CASIDENTGELFF,YLQPRTFLL
1,CSVDADHNTGELFF,YLQPRTFLL
1,CASSNANTGELFF,YLQPRTFLL
1,CAIGDENTGELFF,YLQPRTFLL
1,CASQATNTGELFF,YLQPRTFLL
1,CALGSSNTGELFF,YLQPRTFLL
1,CSARDGLAMNTGELFF,YLQPRTFLL
1,CAGGDSNTGELFF,YLQPRTFLL
1,CSVGDRNNLELFF,YLQPRTFLL
1,CARGLADTGELFF,YLQPRTFLL
1,CASLRDMNTGELFF,YLQPRTFLL
1,CSARGLAGSNTGELFF,YLQPRTFLL
1,CASMEENTGELFF,YLQPRTFLL
1,CASSTPRKEWGRAEAFF,YLQPRTFLL
1,CSVEEQNTGELFF,YLQPRTFLL
1,CASSPEIEAFF,YLQPRTFLL
1,CASSPDMNTGELFF,YLQPRTFLL
1,CASSVPDRANTGELFF,YLQPRTFLL
1,CSARDLAAQNTGELFF,YLQPRTFLL
1,CASGDENTGELFF,YLQPRTFLL
1,CANRDTDTQYF,YLQPRTFLL
1,CSAEPGTSGRDDLTQYF,YLQPRTFLL
1,CASSDSYGYTF,YLQPRTFLL
1,CASSYRNSLEQFF,YLQPRTFLL
1,CAIGDRSSGEQYF,YLQPRTFLL
1,CSAHGDLNTGELFF,YLQPRTFLL
1,CASSPEDTQYF,YLQPRTFLL
1,CACQELNTGELFF,YLQPRTFLL
1,CASSVDIEAFF,YLQPRTFLL
1,CALLLDWDTGELFF,YLQPRTFLL
1,CAGGVNPNTGELFF,YLQPRTFLL
1,CASQQANTGELFF,YLQPRTFLL
1,CASMDQNTGELFF,YLQPRTFLL
1,CAWSLAGMGETQYF,YLQPRTFLL
1,CASSLGTGGDLHF,YLQPRTFLL
1,CAWSLLNDLEAFF,YLQPRTFLL
1,CATLAEMNTGELFF,YLQPRTFLL
1,CSARDSKGNGWNTGELFF,YLQPRTFLL
1,CASRAANEQFF,FIAGLIAIV
1,CASGEGNTGELFF,YLQPRTFLL
1,CASQLMNTGELFF,YLQPRTFLL
1,CAEGELNTGELFF,YLQPRTFLL
1,CASGEENTGELFF,YLQPRTFLL
1,CSARDHRGANTGELFF,YLQPRTFLL
1,CASIDQNTGELFF,YLQPRTFLL
1,CASIANRNTGELFF,YLQPRTFLL
1,CASSDMNTGELFF,YLQPRTFLL
1,CATGGLNTGELFF,YLQPRTFLL
1,CASQNENTGELFF,YLQPRTFLL
1,CASSPDIEQFF,YLQPRTFLL
1,CSARDGWDHNTGELFF,YLQPRTFLL
1,CSARDVEGMNTGELFF,YLQPRTFLL
1,CASSVQNTGELFF,YLQPRTFLL
1,CALWKGGRENTGELFF,YLQPRTFLL
1,CAIGDRNTGELFF,YLQPRTFLL
1,CASSEMNTGELFF,YLQPRTFLL
1,CAPGDLNTGELFF,YLQPRTFLL
1,CSARDERAVNTGELFF,YLQPRTFLL
1,CASSDLDTGELFF,YLQPRTFLL
1,CASSSQNTGELFF,YLQPRTFLL
1,CSVLEMNTGELFF,YLQPRTFLL
1,CASLSQNTGELFF,YLQPRTFLL
1,CASSEGLGGEQYF,YLQPRTFLL
1,CAMQEMNTGELFF,YLQPRTFLL
1,CAAQMTNTGELFF,YLQPRTFLL
1,CAITDLNTGELFF,YLQPRTFLL
1,CATQNLNTGELFF,YLQPRTFLL
1,CASNPPPGDSENTGELFF,YLQPRTFLL
1,CSARDGLAQNTGELFF,YLQPRTFLL
1,CATQVDQNTGELFF,YLQPRTFLL
1,CATQGPSEINTGELFF,YLQPRTFLL
1,CASNDLNTGELFF,YLQPRTFLL
1,CATHELNTGELFF,YLQPRTFLL
1,CASSPDGEQYF,YLQPRTFLL
1,CASSSQNTAEAFF,YLQPRTFLL
1,CAWSDHNSKELFF,YLQPRTFLL
1,CATEDRNTGELFF,YLQPRTFLL
1,CASTDRDTETQYF,RLQSLQTYV
1,CASSQGDGANVLTF,RLQSLQTYV
1,CASSQGQGNIQYF,RLQSLQTYV
1,CASSSGLALAEQYF,VLNDILSRL
1,CAIRTSGMLNTGELFF,YLQPRTFLL
1,CASGRQNTGELFF,YLQPRTFLL
1,CASGTQNTGELFF,YLQPRTFLL
1,CASQGLNTGELFF,YLQPRTFLL
1,CASSADIEQFF,YLQPRTFLL
1,CASSPDSEQYF,YLQPRTFLL
1,CATQDRNTGELFF,YLQPRTFLL
1,CATSNLNTGELFF,YLQPRTFLL
1,CSARDAVAANTGELFF,YLQPRTFLL
1,CSARDEVAHNTGELFF,YLQPRTFLL
1,CSCGNANTGELFF,YLQPRTFLL
1,CATSDLDSGELFF,YLQPRTFLL
1,CASSDGTSNEQYF,YLQPRTFLL
1,CSARDAEGQNTGELFF,YLQPRTFLL
1,CASSEWIQETQYF,YLQPRTFLL
1,CASSDDIEAFF,YLQPRTFLL
1,CAGQRANTGELFF,YLQPRTFLL
1,CSARGELAVNTGELFF,YLQPRTFLL
1,CATMDDLNSGELFF,YLQPRTFLL
1,CASSLDVEQYF,YLQPRTFLL
1,CAPQDLDTGELFF,YLQPRTFLL
1,CASSPTAGGDTGELFF,YLQPRTFLL
1,CAAQDSNTGELFF,YLQPRTFLL
1,CAGGRGNTGELFF,YLQPRTFLL
1,CASSPLVSRNTGELFF,YLQPRTFLL
1,CASSPPGGGNTGELFF,YLQPRTFLL
1,CAIQYANTGELFF,YLQPRTFLL
1,CASSLDSEQFF,YLQPRTFLL
1,CAIADANTGELFF,YLQPRTFLL
1,CASSEGTSGEQYF,YLQPRTFLL
1,CASSDSLDGYTF,YLQPRTFLL
1,CSARTDHNTGELFF,YLQPRTFLL
1,CATSTENTGELFF,YLQPRTFLL
1,CASSDSEGHNTGELFF,YLQPRTFLL
1,CASGEANTGELFF,YLQPRTFLL
1,CSARGGLSQNTGELFF,YLQPRTFLL
1,CASSLDILAFF,YLQPRTFLL
1,CASNELNTGELFF,YLQPRTFLL
1,CASSSDIEQFF,YLQPRTFLL
1,CATMPDRNTGELFF,YLQPRTFLL
1,CAAQATNTGELFF,YLQPRTFLL
1,CASSDANTGELFF,YLQPRTFLL
1,CASSLALANEQFF,YLQPRTFLL
1,CASNNLNTGELFF,YLQPRTFLL
1,CASSARNSIEAFF,YLQPRTFLL
1,CSARTGDDWNTGELFF,YLQPRTFLL
1,CASMTHNTGELFF,YLQPRTFLL
1,CAASDPNTGELFF,YLQPRTFLL
1,CASSLGLYGEQYF,YLQPRTFLL
1,CATEYTNTGELFF,YLQPRTFLL
1,CSARDGTGWNTGELFF,YLQPRTFLL
1,CAPTPDQNTGELFF,YLQPRTFLL
1,CATGSANTGELFF,YLQPRTFLL
1,CASSDLTGGEAFF,YLQPRTFLL
1,CASNSQNTGELFF,YLQPRTFLL
1,CASSNSFGYTF,YLQPRTFLL
1,CASSEANTGELFF,YLQPRTFLL
1,CASSPDITQYF,YLQPRTFLL
1,CASSPTAGGNTGELFF,YLQPRTFLL
1,CASSDLDNLVAFF,YLQPRTFLL
1,CAGADSNTGELFF,YLQPRTFLL
1,CAGQNLNTGELFF,YLQPRTFLL
1,CASRGLAEQNTGELFF,YLQPRTFLL
1,CAAAERNTGELFF,YLQPRTFLL
1,CSARDEAGQNTGELFF,YLQPRTFLL
1,CASPEANTGELFF,YLQPRTFLL
1,CSARDGQGMNTGELFF,YLQPRTFLL
1,CASSNSYGYTF,YLQPRTFLL
1,CASRDIHQQNTGELFF,YLQPRTFLL
1,CAGGDPNTGELFF,YLQPRTFLL
1,CASSDDNTGELFF,YLQPRTFLL
1,CASTRDIEAFF,YLQPRTFLL
1,CATQGWDTGELFF,YLQPRTFLL
1,CASSLVQGGNTGELFF,YLQPRTFLL
1,CASSIIGGGNTGELFF,YLQPRTFLL
1,CAAGVENTGELFF,YLQPRTFLL
1,CASQDSNTGELFF,YLQPRTFLL
1,CASSYQNTGELFF,YLQPRTFLL
1,CASSPPGAGNTGELFF,YLQPRTFLL
1,CASYDLNTGELFF,YLQPRTFLL
1,CAVQDSNTGELFF,YLQPRTFLL
1,CSARDYRQTNTGELFF,YLQPRTFLL
1,CAIQESNTGELFF,YLQPRTFLL
1,CASYSGRALTEAFF,YLQPRTFLL
1,CATQDANTGELFF,YLQPRTFLL
1,CSARGESDQNTGELFF,YLQPRTFLL
1,CARQDTNTGELFF,YLQPRTFLL
1,CSARDLAGENTGELFF,YLQPRTFLL
1,CATQRTNTGELFF,YLQPRTFLL
1,CATQAVNTGELFF,YLQPRTFLL
1,CSARGWGNEANTGELFF,YLQPRTFLL
1,CASRSRVEQNTGELFF,YLQPRTFLL
1,CSARDFNSWNTGELFF,YLQPRTFLL
1,CSARDQAAQNTGELFF,YLQPRTFLL
1,CSVAGFLAVYNEQFF,YLQPRTFLL
1,CASSFLAGGNTGELFF,YLQPRTFLL
1,CASQYSNTGELFF,YLQPRTFLL
1,CASSLVPEEQYF,YLQPRTFLL
1,CANGKANTGELFF,YLQPRTFLL
1,CAIQDLNTGELFF,YLQPRTFLL
1,CARGESNTGELFF,YLQPRTFLL
1,CASTDMNTGELFF,YLQPRTFLL
1,CAARDQRDLNTGELFF,YLQPRTFLL
1,CASGDLDSIEAFF,YLQPRTFLL
1,CASQDQNTGELFF,YLQPRTFLL
1,CASSHTNTGELFF,YLQPRTFLL
1,CSVEEDRNTGELFF,YLQPRTFLL
1,CASSDIDTGELFF,YLQPRTFLL
1,CARGDQNTGELFF,YLQPRTFLL
1,CASSDTTRQNTGELFF,YLQPRTFLL
1,CASSELAGGNTGELFF,YLQPRTFLL
1,CSARDPPRVNTGELFF,YLQPRTFLL
1,CSARDQYRMNTGELFF,YLQPRTFLL
1,CASSLVAGGNTGELFF,YLQPRTFLL
0,CGTTLNTEAFF,YLQPRTFLL
0,CASSLAEGNYGYTF,YLQPRTFLL
0,CASGLGCQGAINEKLFF,YLQPRTFLL
0,CAWSVRSPAFF,YLQPRTFLL
0,CASSLAGGLAGGNQPQHF,YLQPRTFLL
0,CASSLAGGEHQETQYF,YLQPRTFLL
0,CASSLTEEGANEKLFF,YLQPRTFLL
0,CASSPEERGGGQETQYF,YLQPRTFLL
0,CARSGGTYNEQFF,YLQPRTFLL
0,CASSVIYEQYF,YLQPRTFLL
0,CASSEAVGTGGVF,YLQPRTFLL
0,CASSESGQQYF,YLQPRTFLL
0,CSVEESHTQYF,YLQPRTFLL
0,CASSQVGVYEQYF,YLQPRTFLL
0,CASSLVGDTQYF,YLQPRTFLL
0,CASSLGDRGHPSYNEQFF,YLQPRTFLL
0,CASSLACGGGNEQFF,YLQPRTFLL
0,CASSLAGQGVNTEAFF,YLQPRTFLL
0,CASSLGTGGLAYTF,YLQPRTFLL
0,CAGGGLAGGYEQYF,YLQPRTFLL
0,CASSLARVHTEAFF,YLQPRTFLL
0,CASSLEGDRGLSYNEQFF,YLQPRTFLL
0,CASSEAEGLAGARKLFF,YLQPRTFLL
0,CASSQEGGLSYNEQFF,RLQSLQTYV
0,CASSVGETQYF,RLQSLQTYV
0,CASSYSTGPYEQYF,RLQSLQTYV
0,CASSESSGGGETQYF,YLQPRTFLL
0,CASSLVADEQYF,YLQPRTFLL
0,CARSLERGRNTEAFF,YLQPRTFLL
0,CAISESGPETQYF,YLQPRTFLL
0,CASSLGAGTGELFF,YLQPRTFLL
0,CASSDSGTSGGEYEQYF,YLQPRTFLL
0,CASSEEGAGPNPCF,YLQPRTFLL
0,CSVEDGGAGGPQFF,YLQPRTFLL
0,CASSGGPSSYEQYF,YLQPRTFLL
0,CASSYSGQQYF,YLQPRTFLL
0,CASSLGKRGGF,YLQPRTFLL
0,CASSLSGGHNEQFF,YLQPRTFLL
0,CAISESGGGEEAFF,YLQPRTFLL
0,CASSLARRGGHSYNEQFF,YLQPRTFLL
0,CASSLARLAGGGSGNTIYF,YLQPRTFLL
0,CASSPPERCHEQFF,YLQPRTFLL
0,CASSLATGDEQYF,YLQPRTFLL
0,CASSLAVNYGYTF,YLQPRTFLL
0,CASSLCHRVGANVLTF,YLQPRTFLL
0,CASDPYTEAFF,YLQPRTFLL
0,CASSLVGTGGKTGYTF,YLQPRTFLL
0,CASSLWGLAGFYEQYF,YLQPRTFLL
0,CASSQITGELFF,YLQPRTFLL
0,CSVGAGNTGELFF,YLQPRTFLL
0,CASSLGTGGSLMKNCF,YLQPRTFLL
0,CASSYSRGGGPTDTQYF,YLQPRTFLL
0,CASSIERVHEQYF,YLQPRTFLL
0,CASGQGDEAYNEQFF,YLQPRTFLL
0,CASGGAYNEQFF,YLQPRTFLL
0,CASSIEATAEQYF,YLQPRTFLL
0,CARETQYF,YLQPRTFLL
0,CASSLLRRGSF,YLQPRTFLL
0,CASSLRDRGRLYPGEQYF,YLQPRTFLL
0,CASSEGGEQYF,YLQPRTFLL
0,CASSEAGLASYNSPLHF,YLQPRTFLL
0,CASSPPRGDRAYNEQFF,YLQPRTFLL
0,CATSRDRRQGQLMKNCF,YLQPRTFLL
0,CATSRERDRGRAFF,YLQPRTFLL
0,CASSLCGPNYGYTF,YLQPRTFLL
0,CATSRALETQYF,YLQPRTFLL
0,CASSLRPSGGDEQFF,YLQPRTFLL
0,CASSPPGDTGKTVF,YLQPRTFLL
0,CSARDGGSGGRQETQYF,YLQPRTFLL
0,CASSPPKGGAHQETQYF,YLQPRTFLL
0,CASSEARRAETQYF,YLQPRTFLL
0,CASSEARTDTQYF,YLQPRTFLL
0,CASSLSGTGGF,YLQPRTFLL
0,CASSVARRSGVNTEAFF,RLQSLQTYV
0,CASSQEPGLAGGVGF,RLQSLQTYV
0,CASSLCRGDRGPTNEKLFF,RLQSLQTYV
0,CASSEAGAAGDNSPLHF,RLQSLQTYV
0,CASSQTGGYGYTF,RLQSLQTYV
0,CASSYSSEAFF,RLQSLQTYV
0,CASSLGEGDRGLWANVLTF,RLQSLQTYV
0,CASSPLRGTSGGGANYGYTF,RLQSLQTYV
0,CASSYSRGGESYEQYF,YLQPRTFLL
0,CAWSVALAGGSSYEQYF,YLQPRTFLL
0,CASSLVPAGGTGELFF,YLQPRTFLL
0,CASSQGPPQYF,YLQPRTFLL
0,CAWSVVAGVKTF,YLQPRTFLL
0,CASIEPGDRGRYQETQYF,YLQPRTFLL
0,CASSVRGYYNEQFF,YLQPRTFLL
0,CASSEARCEYF,YLQPRTFLL
0,CASSYSRGGEAFF,YLQPRTFLL
0,CASSELLAGAPTNEKLFF,YLQPRTFLL
0,CASSLRGEDEQFF,YLQPRTFLL
0,CSVEDGVGDEQFF,YLQPRTFLL
0,CASSLDVTQYF,YLQPRTFLL
0,CASSLWSGGAEAFF,YLQPRTFLL
0,CASSYSVSNQPQHF,YLQPRTFLL
0,CASSMGQGASYTF,YLQPRTFLL
0,CASSMEGSYEQYF,YLQPRTFLL
0,CASRDRGQGEAFF,YLQPRTFLL
0,CAIGQLMKNCF,YLQPRTFLL
0,CASSLDGPQYF,YLQPRTFLL
0,CASSLVRTQYF,YLQPRTFLL
0,CASSLLAGGNF,YLQPRTFLL
0,CASSERCYEQYF,YLQPRTFLL
0,CASSLAPPSGDPAYEQYF,YLQPRTFLL
0,CASSLSREEQYF,YLQPRTFLL
0,CASGLVGQGKQFF,YLQPRTFLL
0,CASSVAGGGYTF,YLQPRTFLL
0,CASSYSGGTGRTQYF,YLQPRTFLL
0,CASSEAKRATEAFF,YLQPRTFLL
0,CASSPPVGTGGCNEQFF,YLQPRTFLL
0,CASSQEGGGLAGGF,YLQPRTFLL
0,CASSYSPPKTF,YLQPRTFLL
0,CASSIEESAGRNQPQHF,YLQPRTFLL
0,CASSCRDRGPGTDTQYF,YLQPRTFLL
0,CASSIWDAASGGGSNQPQHF,YLQPRTFLL
0,CASSLVAGAYEQYF,YLQPRTFLL
0,CASSLCTGSYEQYF,YLQPRTFLL
0,CASSVLSYEQYF,YLQPRTFLL
0,CASSLGDRVYQETQYF,YLQPRTFLL
0,CASSLCNEQFF,YLQPRTFLL
0,CASSLTGTSGGSYEQYF,YLQPRTFLL
0,CASSLARLAEGTTQYF,RLQSLQTYV
0,CASSLGGPLTEAFF,RLQSLQTYV
0,CASSLEGGYTF,RLQSLQTYV
0,CASSLCRGRGGATRRDTQYF,RLQSLQTYV
0,CASSEYSGPYGYTF,RLQSLQTYV
0,CASSLGGPPMRSF,RLQSLQTYV
0,CAISESPRRGYNSPLHF,RLQSLQTYV
0,CASSYSHEQYF,RLQSLQTYV
0,CASSQDTSF,RLQSLQTYV
0,CASSLETGTVF,RLQSLQTYV
0,CASSLTGQDSPLHF,RLQSLQTYV
0,CASSLASGAGEYNEQFF,RLQSLQTYV
0,CASSLARVNTEAFF,RLQSLQTYV
0,CSVEPLGTSGGASF,YLQPRTFLL
0,CASSQVGLAGGGGTGELFF,YLQPRTFLL
0,CASSLLGQGADTEAFF,YLQPRTFLL
0,CASRGTSGGACYNEQFF,YLQPRTFLL
0,CASSESMKNCF,YLQPRTFLL
0,CASSLAPEAFF,YLQPRTFLL
0,CASSLGERGGGYTF,YLQPRTFLL
0,CASSVGRYEQYF,YLQPRTFLL
0,CASSIDTLAGGDLYEQYF,YLQPRTFLL
0,CASSLSGRVAGGF,YLQPRTFLL
0,CASSSGKDSPLHF,YLQPRTFLL
0,CASSQDLEGDRGPNTGELFF,YLQPRTFLL
0,CASTGTSTPQYF,YLQPRTFLL
0,CASPGQAYNEQFF,YLQPRTFLL
0,CASSLTVADEQYF,YLQPRTFLL
0,CASSLASTQYF,YLQPRTFLL
0,CASMTGSYNEQFF,YLQPRTFLL
0,CASSLRDTDTQYF,YLQPRTFLL
0,CASTSGEKLFF,YLQPRTFLL
0,CASSYSRTSGGVTDTQYF,YLQPRTFLL
0,CASSLREEDNEQFF,YLQPRTFLL
0,CASSIDGSGGGTEAFF,YLQPRTFLL
0,CASSQVGETQYF,YLQPRTFLL
0,CASSLGRGQFF,YLQPRTFLL
0,CASSEAREVAREQYF,YLQPRTFLL
0,CASSLALGQGAGSYEQYF,YLQPRTFLL
0,CASSPPGQGGNQPQHF,YLQPRTFLL
0,CAWSAERAYNEQFF,YLQPRTFLL
0,CASSYSGGRAYGVHF,YLQPRTFLL
0,CASSLEISGGASYEQYF,YLQPRTFLL
0,CASSLAPLGTGDQETQYF,YLQPRTFLL
0,CASSQEGTGGSYEQYF,YLQPRTFLL
0,CASSLDDQETQYF,YLQPRTFLL
0,CASSYGGGTSGGSGYNEQFF,YLQPRTFLL
0,CASSQGGGTGGGYGYTF,YLQPRTFLL
0,CASSLAHRGYNEQFF,YLQPRTFLL
0,CASSLARQGANQPQHF,YLQPRTFLL
0,CAWSGGETQYF,YLQPRTFLL
0,CASSLAQGRYEQYF,YLQPRTFLL
0,CAISESSEAFF,YLQPRTFLL
0,CASSLTGTGGRDTQYF,YLQPRTFLL
0,CASSKAGGLPTVF,YLQPRTFLL
0,CSVEGQGADTQYF,FIAGLIAIV
0,CASSQSPTEAFF,YLQPRTFLL
0,CASSLRRDRASSYEQYF,YLQPRTFLL
0,CASSLGDRGGDQETQYF,YLQPRTFLL
0,CSVEEWGRKEAFF,YLQPRTFLL
0,CASSKAPLGTGGAGPYEQYF,YLQPRTFLL
0,CASSLGKGLAGGLEAFF,YLQPRTFLL
0,CASSLSGGASTDTQYF,YLQPRTFLL
0,CASSPSQTASGGDSNQPQHF,YLQPRTFLL
0,CASSLGASEQYF,YLQPRTFLL
0,CAIDYGYTF,YLQPRTFLL
0,CASSLSWGLAGGDNEQFF,YLQPRTFLL
0,CAWSVELAGGQTQYF,YLQPRTFLL
0,CSVEDYQVMKNCF,YLQPRTFLL
0,CASSLAWSYGGRDTGELFF,YLQPRTFLL
0,CASSLAAEQYF,YLQPRTFLL
0,CASSLRPRGEGETQYF,YLQPRTFLL
0,CASSLTRLNYGYTF,YLQPRTFLL
0,CASSLSNPSEAFF,YLQPRTFLL
0,CASSLVGDRGLPYNSPLHF,YLQPRTFLL
0,CATSRGGDYEQYF,YLQPRTFLL
0,CSAREKGAGELFF,YLQPRTFLL
0,CASSPPGGYTF,YLQPRTFLL
0,CASSLQGKRGVGGSNQPQHF,YLQPRTFLL
0,CASSLEGNTEAFF,YLQPRTFLL
0,CASSLGPVEKLFF,YLQPRTFLL
0,CASSEARGEPKTF,YLQPRTFLL
0,CASIGDQETQYF,YLQPRTFLL
0,CASSPPPTQYF,YLQPRTFLL
0,CASSEAPGTSGGGRYNEQFF,YLQPRTFLL
0,CASSQDRAGTGGPYQETQYF,YLQPRTFLL
0,CASSQAGTSGGAPTQYF,YLQPRTFLL
0,CATSRAGRGQGAGLDTQYF,YLQPRTFLL
0,CASSLGPQRGGSYNEQFF,YLQPRTFLL
0,CASSEAEGNEKLFF,YLQPRTFLL
0,CASSDSAGGQYF,YLQPRTFLL
0,CASSRGGLAGGHQPQHF,YLQPRTFLL
0,CASSEAPKNCF,YLQPRTFLL
0,CASSYSGGNQPQHF,YLQPRTFLL
0,CASSLWGGHNEQFF,RLQSLQTYV
0,CAISESRAKQFF,RLQSLQTYV
0,CASSLAGTNYGYTF,RLQSLQTYV
0,CAISAGTSGGGDFF,VLNDILSRL
0,CASSLSVEAFF,YLQPRTFLL
0,CASSLSGRRNTGELFF,YLQPRTFLL
0,CASSLSPGLAGGVNTGELFF,YLQPRTFLL
0,CASSVPQYF,YLQPRTFLL
0,CASSLEGDRGEGSYNSPLHF,YLQPRTFLL
0,CASSEAEQGRNTEAFF,YLQPRTFLL
0,CASSYSGGSSYNEQFF,YLQPRTFLL
0,CASSYGGLAGGSYEQYF,YLQPRTFLL
0,CATSREGEGGQGAWSYEQYF,YLQPRTFLL
0,CASSLEGLLETQYF,YLQPRTFLL
0,CASSLGTSGGAYTF,YLQPRTFLL
0,CAWSVGAF,YLQPRTFLL
0,CAISESGGTGGVTGELFF,YLQPRTFLL
0,CSVEEGTEAFF,YLQPRTFLL
0,CASSYSRSEAFF,YLQPRTFLL
0,CASSVAKPGYGYTF,YLQPRTFLL
0,CASSEALGRGF,YLQPRTFLL
0,CASSGGGAPSYNEQFF,YLQPRTFLL
0,CAISESMGSYNEQFF,YLQPRTFLL
0,CASSLAHRGQQYF,YLQPRTFLL
0,CSVGGTKPQHF,YLQPRTFLL
0,CASSVGGNKDSGNTIYF,YLQPRTFLL
0,CASTLGDTQYF,YLQPRTFLL
0,CASSLATGNTIYF,YLQPRTFLL
0,CASSLGRDRNNTEAFF,YLQPRTFLL
0,CASSQAGRGKLFF,YLQPRTFLL
0,CASSQGTSGGDGSYEQYF,YLQPRTFLL
0,CASSEVEQGAREQYF,YLQPRTFLL
0,CASSVGGTSGGPPYEQYF,YLQPRTFLL
0,CASSVGTSATNEKLFF,YLQPRTFLL
0,CATQGVNEQFF,YLQPRTFLL
0,CASSETGELFF,YLQPRTFLL
0,CASSLSGLAGGSLNTEAFF,YLQPRTFLL
0,CASSEAGTGGAGELFF,YLQPRTFLL
0,CAWSRGVF,YLQPRTFLL
0,CASSLVGNYGYTF,YLQPRTFLL
0,CASSQELAEADTQYF,YLQPRTFLL
0,CASSLEGGEETQYF,YLQPRTFLL
0,CASSRMGQGARGELFF,YLQPRTFLL
0,CASSMGAEQYF,YLQPRTFLL
0,CASSYGGNYGYTF,YLQPRTFLL
0,CASRGGGGRGTGELFF,YLQPRTFLL
0,CASSLAGGQGASYNEQFF,YLQPRTFLL
0,CASSLEVARGTDTQYF,YLQPRTFLL
0,CASSLAKGGHGTDTQYF,YLQPRTFLL
0,CASSYGAYEQYF,YLQPRTFLL
0,CASSQEGGGTSGGDNYGYTF,YLQPRTFLL
0,CASSLWENEQYF,YLQPRTFLL
0,CASSYSGGTGGLPTEAFF,YLQPRTFLL
0,CASSLGWGTGGNTIYF,YLQPRTFLL
0,CAIILGLAGGVGNTGELFF,YLQPRTFLL
0,CASSQEGGAGNQPQHF,YLQPRTFLL
0,CASSLEPLSGGEKLFF,YLQPRTFLL
0,CASSLSGTGGAYNEQFF,YLQPRTFLL
0,CASSLARQGDEQYF,YLQPRTFLL
0,CASSYGLYQETQYF,YLQPRTFLL
0,CASSVVGGGAQYF,YLQPRTFLL
0,CASSLSGTRGTQYF,YLQPRTFLL
0,CASSLAYALLAGGSYNEQFF,YLQPRTFLL
0,CASSLCSGGGDTEAFF,YLQPRTFLL
0,CASSLAGQGARTGELFF,YLQPRTFLL
0,CASSVGGLAGAVYNSPLHF,YLQPRTFLL
0,CATSRLGLAGGHTEAFF,YLQPRTFLL
0,CASSYSSGGGGKTF,YLQPRTFLL
0,CASSLGSGQGYQPKTF,YLQPRTFLL
0,CASSLPGPDTQYF,YLQPRTFLL
0,CASSEAGGGGDQETQYF,YLQPRTFLL
0,CASSLCGHQETQYF,YLQPRTFLL
0,CAWSALMKNCF,YLQPRTFLL
0,CASSEAKAGETQYF,YLQPRTFLL
0,CASSLWAGLAGHNEQFF,YLQPRTFLL
0,CASSLAAPGQGAQFF,YLQPRTFLL
0,CASSEANRGQGADTQYF,YLQPRTFLL
0,CASSLGGQGESYTEAFF,YLQPRTFLL
0,CASSIQAYNEQFF,YLQPRTFLL
0,CASSLDRGPTNEKLFF,YLQPRTFLL
0,CASSLWGAGSRLWGQRPDF,YLQPRTFLL
0,CASSLARGESSYNEQFF,YLQPRTFLL
0,CAISESWGRGF,YLQPRTFLL
0,CASSLARGSGERSTQYF,YLQPRTFLL
0,CAWSVPGLAGGSYEQYF,YLQPRTFLL
0,CASSIEGKNCF,YLQPRTFLL
0,CASSEGQVTEAFF,YLQPRTFLL
0,CASSQRGPPPNTGELFF,YLQPRTFLL
0,CASSEVGGDRGRSYNEQFF,YLQPRTFLL
0,CASSLANGEGYTF,YLQPRTFLL
0,CASSIDRTGPPYGYTF,YLQPRTFLL
0,CASSQERGTSGGALF,YLQPRTFLL
0,CASSLETGGGF,YLQPRTFLL
0,CATSRERGSLYF,YLQPRTFLL
0,CAISESGEGGDRGRGQRPDF,YLQPRTFLL
0,CASSPPGNTEAFF,YLQPRTFLL
0,CASSEADEAFF,YLQPRTFLL
0,CASSEEGQGAPQGNYGYTF,YLQPRTFLL
0,CASSLGREQGALYNEQFF,YLQPRTFLL
0,CASSLVAVYGYTF,YLQPRTFLL
0,CASSIERAVVNTEAFF,YLQPRTFLL
0,CASSPPYEQYF,YLQPRTFLL
0,CASSYSTVGYEQYF,YLQPRTFLL
0,CASSLGSRSYEQYF,YLQPRTFLL
0,CASSEDYEQYF,YLQPRTFLL
0,CASSLAGQGAGAYNEQFF,YLQPRTFLL
0,CASSYSATQYF,YLQPRTFLL
0,CASSIEGLPHNEQFF,YLQPRTFLL
0,CASSEARSEPSF,YLQPRTFLL
0,CASSLWDEQYF,YLQPRTFLL
0,CAWSVGGRDTQYF,YLQPRTFLL
0,CASSLVGGQGAFEQYF,YLQPRTFLL
0,CASSIDGRSGYTF,YLQPRTFLL
0,CASSYSGGGGAFF,YLQPRTFLL
0,CAISESAGRELFF,YLQPRTFLL
0,CASSEEGLPQETQYF,YLQPRTFLL
0,CASGLVLAGGCNQPQHF,YLQPRTFLL
0,CASSYSYRGQGGVTDTQYF,YLQPRTFLL
